{"example_nearby-hand-ov.mp4": {"optimized": true, "method": "Tracked person with the closest wrist to detected guns", "pose_average_speed(ms)": 69.09100014708577, "pose_FPS": 14.473665135417491, "det_average_speed(ms)": 581.6656213636418, "det_FPS": 1.719200797282167}, 
"video1-hand-ov.mp4": {"video_name":"video1.mp4","optimized": true, "method": "Tracked person with the closest wrist to detected guns", 
	"optim_method": "Floating-point",
"pose_average_speed(ms)": 69.09100014708577, "pose_FPS": 14.473665135417491, "det_average_speed(ms)": 336.6656213636418, "det_FPS": 1.719200797282167}, 
"example_nearby-hand-q.mp4": {"optimized": false, "method": "Track person with the bounding boxes near detected guns", "pose_average_speed(ms)": 69.20537408792748, "pose_FPS": 14.449744881509785, "det_average_speed(ms)": 336.9581339494237, "det_FPS": 2.9677277360222343}, "example_nearby-hand.mp4": {"optimized": false, "method": "Tracked person with the closest wrist to detected guns", "pose_average_speed(ms)": 68.39849264116907, "pose_FPS": 14.62020523238987, "det_average_speed(ms)": 388.4811266413275, "det_FPS": 2.5741276253125904}, "example_touching-boxes.mp4": {"optimized": false, "method": "Track person with the bounding boxes near detected guns", "pose_average_speed(ms)": 68.68359827645419, "pose_FPS": 14.55951675645997, "det_average_speed(ms)": 393.892716061894, "det_FPS": 2.5387623564048485}}